name,prm_generations,paths_per_prm,median_build_time_ms,mean_build_time_ms,median_find_time_ms,mean_find_time_ms,success_rate,median_edge_count,mean_edge_count,median_path_length,mean_path_length
[canopy] Baseline K-Nearest,1000,1000,2.403235,2.553118563,1.148907,1.231826280933975,0.994594,186.0,186.322,0.6205638724617071,0.6942054675567979
[canopy] Baseline Distance,1000,1000,1.8736410000000001,1.8253361199999998,1.196622,1.2112029215080293,0.657044,133.0,133.362,0.5295115120516924,0.6590325252280768
[canopy] Connectivity K-Nearest (k=2),1000,1000,1.924284,1.7619799030000005,1.0957835,1.1420137294850297,0.869947,129.0,128.985,0.789003838636844,0.9821631126531681
[canopy] Connectivity K-Nearest (k=4),1000,1000,3.562989,3.245875935000003,1.23428,1.268321415937033,0.998752,242.0,242.177,0.5421767449681069,0.5803823034127416
[canopy] Connectivity Distance (d=0.175),1000,1000,1.3041745,1.280355381000001,1.0740859999999999,1.0401633838990039,0.284677,92.0,92.618,0.3990630011445049,0.49602716486193654
[canopy] Connectivity Distance (d=0.225),1000,1000,2.521851,2.4424806109999992,1.277184,1.3103926934669794,0.931933,182.0,182.605,0.5339809930457899,0.6342268945814961
[canopy] Heuristic Joint-Space (K-Nearest),1000,1000,2.734319,2.4922963769999953,1.157222,1.196099679905048,0.994064,186.0,186.253,0.6185990940825994,0.6937967439014092
[canopy] Heuristic Joint-Space (Distance),1000,1000,1.8480015,1.7958463609999988,1.1670155,1.180249770066068,0.655269,132.0,133.222,0.5278478548758071,0.6580248962547681
[canopy] Cycle Avoidance True (K-Nearest),1000,1000,1.529534,1.389260107,1.1517229999999998,1.1893380417420116,0.994482,99.0,98.552,0.7254412178686591,0.9250989196318286
[canopy] Cycle Avoidance True (Distance),1000,1000,1.2241425000000001,1.1448324760000006,1.161033,1.176118757657961,0.657418,81.0,81.051,0.5624014499652593,0.7349856005465046
[canopy] Density 50 (K-Nearest),1000,1000,1.2631645,1.2814121159999996,1.1193325,1.2430714488780439,0.99435,92.0,91.93,0.5738442986467978,0.6281919439953249
[canopy] Density 50 (Distance),1000,1000,0.4817345,0.49240291200000025,1.0161105,0.9487752291640156,0.240083,34.0,34.271,0.3493715286909308,0.4327779243342571
[canopy] Density 200 (K-Nearest),1000,1000,5.5300465,5.001699541999994,1.162766,1.1963379542269772,0.996031,375.0,375.398,0.6762529339222754,0.7358942028346316
[canopy] Density 200 (Distance),1000,1000,7.435951,6.9913923280000025,1.3890725000000002,1.4172953950100124,0.993148,532.0,533.302,0.5063205886307202,0.554945321165561
[canopy] Sampling Gaussian (sigma=0.04) (K-Nearest),1000,1000,2.6798805,2.9618840889999993,1.1067825,1.264310941775994,0.695193,131.0,131.254,0.5915507268218331,0.6862726164105218
[canopy] Sampling Gaussian (sigma=0.04) (Distance),1000,1000,4.526043,4.517401144999998,0.8941334999999999,0.7852743387180062,0.33637,188.0,188.575,0.5776292242142527,0.6683507825770717
[canopy] Sampling Gaussian (sigma=0.05) (K-Nearest),1000,1000,3.0636175,3.024076613,1.1732354999999999,1.274301270785015,0.778257,140.0,140.034,0.6118503843229295,0.7173648814125849
[canopy] Sampling Gaussian (sigma=0.05) (Distance),1000,1000,4.149160500000001,4.13827934599999,0.8948745,0.7854039233959749,0.385843,196.0,196.166,0.598777185913241,0.6823502719267452
[canopy] Sampling Gaussian (sigma=0.06) (K-Nearest),1000,1000,3.0348865,2.9602961800000003,1.1590715,1.2565624169909702,0.8391,147.0,147.136,0.6248031651346533,0.7311527987858579
[canopy] Sampling Gaussian (sigma=0.06) (Distance),1000,1000,3.959485,4.021798650000005,0.9169404999999999,0.816223752928977,0.422499,198.0,199.718,0.6058531999945116,0.6854821181180313
[canopy] Sampling Bridge (sigma=0.04) (K-Nearest),1000,1000,30.0178705,30.65157492599999,1.074548,1.0314133431350134,0.233843,140.0,140.415,0.5515283388451072,0.5581981104397782
[canopy] Sampling Bridge (sigma=0.04) (Distance),1000,1000,36.571467999999996,36.75755441400002,0.0021739999999999997,0.34253949487697133,0.026478,426.0,431.492,0.33021839752568627,0.35232735405125487
[canopy] Sampling Bridge (sigma=0.05) (K-Nearest),1000,1000,25.864136000000002,26.24443833599999,1.0758880000000002,1.0295950414230097,0.244951,144.0,144.254,0.5550877144192928,0.5616448289057067
[canopy] Sampling Bridge (sigma=0.05) (Distance),1000,1000,32.560091,32.475143006,0.0021644999999999998,0.3464136944679909,0.027715,446.5,451.672,0.33247981920845865,0.35319760442701903
[canopy] Sampling Bridge (sigma=0.06) (K-Nearest),1000,1000,23.805560999999997,24.206859537000017,1.0724995,1.036174767406045,0.253,146.0,146.598,0.555492380950852,0.5630979314955377
[canopy] Sampling Bridge (sigma=0.06) (Distance),1000,1000,30.29646,30.813978899999977,0.002153,0.35159903832999917,0.028796,459.0,463.258,0.3324085899499193,0.35381851052472313
[choke_point] Baseline K-Nearest,1000,1000,2.9925924999999998,2.881532053999992,1.1810360000000002,1.2063117396199377,0.974788,183.0,183.271,0.6205976180673993,0.7077883621627019
[choke_point] Baseline Distance,1000,1000,2.188835,2.1491029719999966,1.1992535,1.2073631045409772,0.658882,136.0,136.733,0.5194935058400503,0.6514587294103246
[choke_point] Connectivity K-Nearest (k=2),1000,1000,2.1045165,2.0278303600000003,1.102884,1.1343647484129802,0.817749,127.0,126.879,0.7649516512094128,0.9641559843177674
[choke_point] Connectivity K-Nearest (k=4),1000,1000,4.173997,3.8019819320000017,1.273091,1.291492153905032,0.982023,239.0,238.855,0.5429508107936843,0.5906150575462928
[choke_point] Connectivity Distance (d=0.175),1000,1000,1.5304245,1.522635225999999,1.090579,1.0534227939309855,0.295172,94.0,95.025,0.3954246125249592,0.4930866545612831
[choke_point] Connectivity Distance (d=0.225),1000,1000,3.0373115,2.929318040999998,1.326581,1.3424971803489845,0.915334,185.0,185.993,0.525451016508063,0.6279436269311
[choke_point] Heuristic Joint-Space (K-Nearest),1000,1000,3.035129,2.9094464680000014,1.1853425,1.2101769148290349,0.975298,183.0,183.283,0.6211209407723074,0.7076633600032283
[choke_point] Heuristic Joint-Space (Distance),1000,1000,2.219499,2.158378333000002,1.202915,1.2050855170888974,0.659011,136.0,136.62,0.5198300407764006,0.6513456424672327
[choke_point] Cycle Avoidance True (K-Nearest),1000,1000,1.6866815000000002,1.6221300789999984,1.18295,1.206677726620973,0.975403,98.0,97.733,0.7284924142740048,0.9436937563615655
[choke_point] Cycle Avoidance True (Distance),1000,1000,1.4097925,1.355650356999998,1.2001519999999999,1.2040055018999967,0.654731,82.0,81.546,0.548449813220516,0.7228646044995465
[choke_point] Density 50 (K-Nearest),1000,1000,1.516801,1.4444202489999987,1.193211,1.216971170540991,0.974418,90.0,89.88,0.5730933482130239,0.6345553595410925
[choke_point] Density 50 (Distance),1000,1000,0.5568630000000001,0.5730192330000001,1.0133999999999999,0.9350946593619897,0.24618,34.0,34.784,0.34781773400473803,0.4302289615018943
[choke_point] Density 200 (K-Nearest),1000,1000,6.0741175,5.845252453,1.191983,1.2123239220059452,0.978812,370.0,370.277,0.6815763013077157,0.7495179044372591
[choke_point] Density 200 (Distance),1000,1000,9.060461499999999,8.580622875999996,1.467009,1.4849748574389583,0.977053,550.0,551.025,0.4989924559803054,0.5513152569698474
[choke_point] Sampling Gaussian (sigma=0.04) (K-Nearest),1000,1000,3.1312915,2.947289126000002,1.1893495,1.2658995445810426,0.590824,114.0,114.315,0.5481057929014987,0.6591338647757758
[choke_point] Sampling Gaussian (sigma=0.04) (Distance),1000,1000,3.65442,3.581318324000001,0.9687195,0.8985866799849644,0.260659,129.0,129.237,0.4747820607321642,0.5804740746746194
[choke_point] Sampling Gaussian (sigma=0.05) (K-Nearest),1000,1000,3.183075,3.027809025,1.186504,1.270810574742008,0.668772,123.0,123.022,0.5787001214012916,0.6995317867583034
[choke_point] Sampling Gaussian (sigma=0.05) (Distance),1000,1000,3.5205865000000003,3.3486476089999972,0.9845740000000001,0.908167094511982,0.305759,132.0,133.209,0.503643230789586,0.6232244074896366
[choke_point] Sampling Gaussian (sigma=0.06) (K-Nearest),1000,1000,3.181924,2.9014298609999987,1.1796004999999998,1.222503134216026,0.750994,131.0,130.667,0.6110129816900937,0.7419961311038609
[choke_point] Sampling Gaussian (sigma=0.06) (Distance),1000,1000,3.353988,3.3509359550000006,1.023404,0.9693833530429421,0.343346,133.0,134.233,0.5151725575734606,0.6356969320238323
[choke_point] Sampling Bridge (sigma=0.04) (K-Nearest),1000,1000,19.434119000000003,19.489356623000006,1.037358,0.9498022767509862,0.179366,113.0,113.021,0.5012382511385945,0.5220938259016142
[choke_point] Sampling Bridge (sigma=0.04) (Distance),1000,1000,24.9714745,24.663911220999957,0.00239,0.40436914390799084,0.038579,321.0,326.325,0.3533293449470569,0.42164013200527595
[choke_point] Sampling Bridge (sigma=0.05) (K-Nearest),1000,1000,15.627055499999999,15.445582796999995,1.0085924999999998,0.9196900715520441,0.184872,126.0,125.662,0.5119614248204621,0.5359219489524555
[choke_point] Sampling Bridge (sigma=0.05) (Distance),1000,1000,22.082164499999998,21.70115760799998,0.0022689999999999997,0.3723672637540041,0.037875,410.0,417.61,0.36031341434128816,0.4271834745103718
[choke_point] Sampling Bridge (sigma=0.06) (K-Nearest),1000,1000,13.6367595,13.325346808000013,0.978513,0.8880781153979665,0.190037,136.0,135.826,0.5226589587395761,0.5504331846124514
[choke_point] Sampling Bridge (sigma=0.06) (Distance),1000,1000,21.141028000000002,20.901923929999974,0.002209,0.34847145182800005,0.036361,507.0,509.904,0.3626705365387616,0.42908722347530087
[clutter] Baseline K-Nearest,1000,1000,7.9028985,7.194066820000002,1.437065,1.395374234849992,0.511377,116.0,116.076,0.6601350050978725,0.8109667600591747
[clutter] Baseline Distance,1000,1000,5.8940535,5.704101860999998,1.447805,1.3955441681039882,0.300083,95.0,95.86,0.4488641981378057,0.5614612286135309
[clutter] Connectivity K-Nearest (k=2),1000,1000,5.578578,5.087063896000011,1.2787555,1.2053076059250016,0.237892,86.0,85.721,0.5049094916634449,0.6189529611804456
[clutter] Connectivity K-Nearest (k=4),1000,1000,10.202565,9.256606953000004,1.5880035,1.563412856840957,0.733358,144.0,143.755,0.7087602727451858,0.8537457811134822
[clutter] Connectivity Distance (d=0.175),1000,1000,4.055407000000001,4.022118609000002,1.2491990000000002,1.1446340837139382,0.135346,69.0,70.49,0.31341776017972656,0.4025410915002007
[clutter] Connectivity Distance (d=0.225),1000,1000,8.004749499999999,7.667917141999992,1.667008,1.6557489276549497,0.526786,121.0,122.267,0.5476550277235326,0.6735288436127609
[clutter] Heuristic Joint-Space (K-Nearest),1000,1000,7.903510999999999,7.162845883000003,1.438479,1.394431381068995,0.516973,116.0,115.74,0.6689639231867238,0.8200483811106454
[clutter] Heuristic Joint-Space (Distance),1000,1000,5.9198435,5.710912105999996,1.4504975,1.396710808405962,0.294967,95.0,95.462,0.4450500351866596,0.5511302240781492
[clutter] Cycle Avoidance True (K-Nearest),1000,1000,5.890141,5.336314421000002,1.4388614999999998,1.3927411461920136,0.512539,81.0,80.626,0.72347131278805,0.9203288209938602
[clutter] Cycle Avoidance True (Distance),1000,1000,4.370874000000001,4.122141279000005,1.4491770000000002,1.397708530658007,0.29575,64.0,64.388,0.45657432616642707,0.5981201227762556
[clutter] Density 50 (K-Nearest),1000,1000,3.827521,3.537567554999999,1.407417,1.335781838249949,0.502404,50.0,49.779,0.6219042969997556,0.7514688390616474
[clutter] Density 50 (Distance),1000,1000,1.4877155,1.504605724000002,1.0676105000000002,0.9222620237380419,0.111271,24.0,24.071,0.3205950909108969,0.36844460993170075
[clutter] Density 200 (K-Nearest),1000,1000,16.3917435,14.72588979799998,1.4760849999999999,1.4532889964290197,0.60076,267.0,267.24,0.8031047533721443,0.9697396413336555
[clutter] Density 200 (Distance),1000,1000,23.6657905,21.964775660000004,1.9816945000000001,2.012246798975978,0.810017,381.5,383.205,0.6456568004363765,0.7478325251110803
[clutter] Sampling Gaussian (sigma=0.04) (K-Nearest),1000,1000,7.2329415,6.963074233,1.4032705,1.3920425962000025,0.255302,79.0,79.382,0.5027815419595444,0.6187595654631147
[clutter] Sampling Gaussian (sigma=0.04) (Distance),1000,1000,5.7388595,5.734159746,1.3520575,1.2955754091949316,0.142041,62.0,63.063,0.33880840779195975,0.4177114913009312
[clutter] Sampling Gaussian (sigma=0.05) (K-Nearest),1000,1000,7.367127,7.00765605100001,1.4080615,1.4009492382860382,0.293156,84.0,84.525,0.5347120603572318,0.657239846852927
[clutter] Sampling Gaussian (sigma=0.05) (Distance),1000,1000,5.666895499999999,5.8449692280000045,1.363745,1.31724916617301,0.158513,66.0,66.333,0.3451625512122112,0.43404512922565464
[clutter] Sampling Gaussian (sigma=0.06) (K-Nearest),1000,1000,7.483618,7.236978163000003,1.4173689999999999,1.4196470318280012,0.325508,88.0,88.462,0.5580983696860433,0.684077421043303
[clutter] Sampling Gaussian (sigma=0.06) (Distance),1000,1000,5.680407499999999,5.648080847000002,1.37147,1.3335908491380914,0.17118,69.0,69.435,0.3497463433362906,0.4443609996254098
[clutter] Sampling Bridge (sigma=0.04) (K-Nearest),1000,1000,13.597255999999998,13.464229984000005,1.1783285000000001,1.0685956266810286,0.077106,55.0,54.87,0.3909848146609197,0.44060633008016037
[clutter] Sampling Bridge (sigma=0.04) (Distance),1000,1000,14.662179,14.484009937999993,0.989154,0.8661515262980211,0.046882,56.0,56.392,0.3182293340157977,0.3592824035275732
[clutter] Sampling Bridge (sigma=0.05) (K-Nearest),1000,1000,11.762771,11.571965002000017,1.2209254999999999,1.1157473514020382,0.091819,58.0,57.862,0.39632187483871184,0.451437721390204
[clutter] Sampling Bridge (sigma=0.05) (Distance),1000,1000,12.560063,12.645802894000024,1.0382360000000002,0.8998621541679782,0.055351,58.0,59.153,0.3225936995912454,0.3727121719800901
[clutter] Sampling Bridge (sigma=0.06) (K-Nearest),1000,1000,10.809456,10.727835204000007,1.254624,1.1604812863499412,0.107265,61.0,60.811,0.4054059728767487,0.4660447718134905
[clutter] Sampling Bridge (sigma=0.06) (Distance),1000,1000,11.613345500000001,11.677354627999978,1.084721,0.946995658097001,0.064216,62.0,62.098,0.32737370142848166,0.3863191771094788
[three_hubs] Baseline K-Nearest,1000,1000,2.624244,2.387479524000001,1.127878,1.179268648941965,0.97075,176.0,176.181,0.6956275598425373,0.8060004926710993
[three_hubs] Baseline Distance,1000,1000,1.922143,1.8682633580000014,1.13824,1.1664980226510338,0.594381,138.0,138.835,0.5357500779340458,0.6725335544495479
[three_hubs] Connectivity K-Nearest (k=2),1000,1000,1.8650005,1.6964498530000005,1.0704410000000002,1.1181640776930415,0.718346,124.0,123.735,0.7839523861827631,0.9840572203700385
[three_hubs] Connectivity K-Nearest (k=4),1000,1000,3.386523,3.078074648999999,1.1885865,1.2357007683240122,0.995745,227.0,226.792,0.6009792738688388,0.6698749891221815
[three_hubs] Connectivity Distance (d=0.175),1000,1000,1.370451,1.3489476620000012,1.0517370000000001,1.0328770548109767,0.278171,98.0,98.956,0.40830574640782336,0.5140322099978044
[three_hubs] Connectivity Distance (d=0.225),1000,1000,2.5906019999999996,2.516904354000002,1.227139,1.2793882304919892,0.870902,186.0,187.025,0.5645755729471963,0.6840803115205226
[three_hubs] Heuristic Joint-Space (K-Nearest),1000,1000,2.625812,2.3886254829999998,1.126844,1.1779314659539715,0.97237,177.0,176.586,0.6963820978200295,0.8095469122935949
[three_hubs] Heuristic Joint-Space (Distance),1000,1000,1.91749,1.8701534919999987,1.1414095,1.1670663376789727,0.597161,138.0,138.717,0.5374105119317596,0.673406133814682
[three_hubs] Cycle Avoidance True (K-Nearest),1000,1000,1.5457265000000002,1.4001086809999999,1.1286635,1.1761538060960293,0.972334,98.0,97.654,0.8272539999672339,1.0658902561764063
[three_hubs] Cycle Avoidance True (Distance),1000,1000,1.237813,1.155690350999999,1.14265,1.174712049294032,0.590288,81.0,81.006,0.5727496611693614,0.7472095508571376
[three_hubs] Density 50 (K-Nearest),1000,1000,1.2626019999999998,1.1628852499999995,1.1315025,1.184068790648975,0.966624,83.0,83.172,0.6416256755557079,0.7389457080533266
[three_hubs] Density 50 (Distance),1000,1000,0.49903149999999996,0.500409142,0.9933400000000001,0.9225851858220055,0.211923,35.0,35.254,0.34225671226512955,0.4211786694822551
[three_hubs] Density 200 (K-Nearest),1000,1000,5.421222500000001,4.884163284999995,1.1399530000000002,1.1872363288730279,0.985973,366.0,366.004,0.7547743973034771,0.836329210949963
[three_hubs] Density 200 (Distance),1000,1000,7.860864,7.323160626999985,1.3414075,1.3959825488359887,0.98503,554.0,556.357,0.55272296810224,0.6157301181956818
[three_hubs] Sampling Gaussian (sigma=0.04) (K-Nearest),1000,1000,2.584373,2.4854810159999974,1.128425,1.223752914030049,0.851688,139.0,139.054,0.732153463878733,0.8808085074796368
[three_hubs] Sampling Gaussian (sigma=0.04) (Distance),1000,1000,2.1555065000000004,2.1930005900000005,1.082402,1.0798717165740113,0.370703,117.0,117.902,0.51186814643856,0.6468700308650842
[three_hubs] Sampling Gaussian (sigma=0.05) (K-Nearest),1000,1000,2.5806,2.485816168999999,1.127967,1.2250287864019997,0.89377,146.0,145.578,0.7308324904355594,0.865114214737169
[three_hubs] Sampling Gaussian (sigma=0.05) (Distance),1000,1000,2.1338660000000003,2.198197666,1.0913905000000002,1.0962935360989585,0.410231,122.0,122.956,0.5313086679761263,0.6638431913453448
[three_hubs] Sampling Gaussian (sigma=0.06) (K-Nearest),1000,1000,2.6317364999999997,2.5292567979999987,1.1337574999999998,1.2292204657720505,0.925919,152.0,151.812,0.72309635177043,0.8466655650966675
[three_hubs] Sampling Gaussian (sigma=0.06) (Distance),1000,1000,2.0996175,2.142278075,1.0929615,1.103426628485969,0.436657,126.0,126.654,0.5436471508070677,0.676769376912326
[three_hubs] Sampling Bridge (sigma=0.04) (K-Nearest),1000,1000,47.2403745,47.779461163,1.0630445,1.0560680692329254,0.309941,159.0,158.689,0.538318374882574,0.5985895051198648
[three_hubs] Sampling Bridge (sigma=0.04) (Distance),1000,1000,50.0940005,51.32834016599992,0.0030485,0.5355545827230002,0.097159,346.5,349.627,0.384119463038068,0.4938546908891138
[three_hubs] Sampling Bridge (sigma=0.05) (K-Nearest),1000,1000,26.655773,26.849880567999982,1.092558,1.1359070717189388,0.483927,159.0,159.301,0.5968133046963137,0.7032820233777717
[three_hubs] Sampling Bridge (sigma=0.05) (Distance),1000,1000,29.365196,29.814355010999957,0.013607500000000002,0.6094915430110102,0.1635,307.0,310.028,0.5011657515969271,0.6071987709107118
[three_hubs] Sampling Bridge (sigma=0.06) (K-Nearest),1000,1000,16.377571500000002,16.568069627000007,1.109863,1.1740504054340248,0.582238,160.0,159.491,0.6183247747963438,0.7452583044932456
[three_hubs] Sampling Bridge (sigma=0.06) (Distance),1000,1000,18.7048385,18.98489272100001,0.7667945,0.6832622501270155,0.230225,274.0,275.057,0.5751674261793835,0.6715938349915865
